File_name,Total_Contract,Total_Function,Total_Variable,Total_Internal_Call,Max_Cyclomatic_Complexity,Loc,sLoc,cLoc
input/DB1/ABNB_1.sol,18,540,376,718,3,2987,1391,1106
input/DB1/AccessToken_1.sol,11,115,89,74,2,795,455,234
input/DB1/AccessToken_2.sol,11,115,89,74,2,795,455,234
input/DB1/ACOToken_1.sol,7,168,140,225,11,1804,894,714
input/DB1/ACOToken_2.sol,7,168,140,225,11,1804,894,714
input/DB1/ACOToken_3.sol,7,168,140,225,11,1804,894,714
input/DB1/ACOToken_4.sol,7,168,140,225,11,1804,894,714
input/DB1/ACOToken_5.sol,7,168,140,225,11,1804,894,714
input/DB1/AddressArrayUtils_10.sol,1,19,0,15,8,354,234,97
input/DB1/AddressArrayUtils_11.sol,1,19,0,15,8,354,234,97
input/DB1/AddressArrayUtils_1.sol,1,19,0,15,8,354,234,97
input/DB1/AddressArrayUtils_2.sol,1,19,0,15,8,354,234,97
input/DB1/AddressArrayUtils_3.sol,1,19,0,15,8,354,234,97
input/DB1/AddressArrayUtils_4.sol,1,19,0,15,8,354,234,97
input/DB1/AddressArrayUtils_5.sol,1,19,0,15,8,354,234,97
input/DB1/AddressArrayUtils_6.sol,1,19,0,15,8,354,234,97
input/DB1/AddressArrayUtils_7.sol,1,19,0,15,8,354,234,97
input/DB1/AddressArrayUtils_8.sol,1,19,0,15,8,354,234,97
input/DB1/AddressArrayUtils_9.sol,1,19,0,15,8,354,234,97
input/DB1/AddressResolver_10.sol,6,67,18,18,3,325,211,28
input/DB1/AddressResolver_11.sol,6,67,18,18,3,325,211,28
input/DB1/AddressResolver_12.sol,6,67,18,18,3,325,211,28
input/DB1/AddressResolver_13.sol,6,67,18,18,3,325,211,28
input/DB1/AddressResolver_14.sol,6,67,18,18,3,325,211,28
input/DB1/AddressResolver_15.sol,6,67,18,18,3,325,211,28
input/DB1/AddressResolver_16.sol,6,67,18,18,3,325,211,28
input/DB1/AddressResolver_17.sol,6,67,18,18,3,325,211,28
input/DB1/AddressResolver_18.sol,6,67,18,18,3,325,211,28
input/DB1/AddressResolver_19.sol,6,67,18,18,3,325,211,28
input/DB1/AddressResolver_1.sol,6,67,18,18,3,325,211,28
input/DB1/AddressResolver_20.sol,6,67,18,18,3,325,211,28
input/DB1/AddressResolver_21.sol,6,67,18,18,3,325,211,28
input/DB1/AddressResolver_22.sol,6,67,18,18,3,325,211,28
input/DB1/AddressResolver_23.sol,6,67,18,18,3,325,211,28
input/DB1/AddressResolver_24.sol,6,67,18,18,3,325,211,28
input/DB1/AddressResolver_25.sol,6,67,18,18,3,325,211,28
input/DB1/AddressResolver_26.sol,6,67,18,18,3,325,211,28
input/DB1/AddressResolver_27.sol,6,67,18,18,3,325,211,28
input/DB1/AddressResolver_28.sol,6,67,18,18,3,325,211,28
input/DB1/AddressResolver_29.sol,6,67,18,18,3,325,211,28
input/DB1/AddressResolver_2.sol,6,67,18,18,3,325,211,28
input/DB1/AddressResolver_30.sol,6,67,18,18,3,325,211,28
input/DB1/AddressResolver_31.sol,6,67,18,18,3,325,211,28
input/DB1/AddressResolver_32.sol,6,67,18,18,3,325,211,28
input/DB1/AddressResolver_33.sol,6,67,18,18,3,325,211,28
input/DB1/AddressResolver_34.sol,6,67,18,18,3,325,211,28
input/DB1/AddressResolver_35.sol,6,67,18,18,3,325,211,28
input/DB1/AddressResolver_36.sol,6,67,18,18,3,325,211,28
input/DB1/AddressResolver_37.sol,6,67,18,18,3,325,211,28
input/DB1/AddressResolver_38.sol,6,67,18,18,3,325,211,28
input/DB1/AddressResolver_39.sol,6,67,18,18,3,325,211,28
input/DB1/AddressResolver_3.sol,6,67,18,18,3,325,211,28
input/DB1/AddressResolver_40.sol,6,67,18,18,3,325,211,28
input/DB1/AddressResolver_41.sol,6,67,18,18,3,325,211,28
input/DB1/AddressResolver_42.sol,6,67,18,18,3,325,211,28
input/DB1/AddressResolver_43.sol,6,67,18,18,3,325,211,28
input/DB1/AddressResolver_44.sol,6,67,18,18,3,325,211,28
input/DB1/AddressResolver_45.sol,6,67,18,18,3,325,211,28
input/DB1/AddressResolver_46.sol,6,67,18,18,3,325,211,28
input/DB1/AddressResolver_47.sol,6,67,18,18,3,325,211,28
input/DB1/AddressResolver_48.sol,6,67,18,18,3,325,211,28
input/DB1/AddressResolver_49.sol,6,67,18,18,3,325,211,28
input/DB1/AddressResolver_4.sol,6,67,18,18,3,325,211,28
input/DB1/AddressResolver_50.sol,6,67,18,18,3,325,211,28
input/DB1/AddressResolver_51.sol,6,67,18,18,3,325,211,28
input/DB1/AddressResolver_52.sol,6,67,18,18,3,325,211,28
input/DB1/AddressResolver_53.sol,6,67,18,18,3,325,211,28
input/DB1/AddressResolver_5.sol,6,67,18,18,3,325,211,28
input/DB1/AddressResolver_6.sol,6,67,18,18,3,325,211,28
input/DB1/AddressResolver_7.sol,6,67,18,18,3,325,211,28
input/DB1/AddressResolver_8.sol,6,67,18,18,3,325,211,28
input/DB1/AddressResolver_9.sol,6,67,18,18,3,325,211,28
input/DB1/AdminImpl_1.sol,16,119,48,50,6,2590,1729,520
input/DB1/AdminImpl_2.sol,16,119,48,50,6,2590,1729,520
input/DB1/AdminImpl_3.sol,16,119,48,50,6,2590,1729,520
input/DB1/AdminImpl_4.sol,16,119,48,50,6,2590,1729,520
input/DB1/Atoken_1.sol,18,540,376,718,3,2987,1391,1106
input/DB1/BasicMathLib_1.sol,1,4,0,0,1,107,49,53
input/DB1/BMath_1.sol,5,39,30,68,6,506,293,141
input/DB1/BMath_2.sol,5,39,30,68,6,506,293,141
input/DB1/BNum_1.sol,4,19,11,19,6,232,147,41
input/DB1/BNum_2.sol,4,19,11,19,6,232,147,41
input/DB1/BNum_3.sol,4,19,11,19,6,232,147,41
input/DB1/BNum_4.sol,4,19,11,19,6,232,147,41
input/DB1/BNum_5.sol,4,19,11,19,6,232,147,41
input/DB1/BorrowerOperations_1.sol,16,567,446,438,7,3234,2197,338
input/DB1/BorrowerOperations_2.sol,16,567,446,438,7,3234,2197,338
input/DB1/BorrowerOperations_3.sol,16,567,446,438,7,3234,2197,338
input/DB1/BPool_1.sol,9,178,234,329,6,1378,964,176
input/DB1/BPool_2.sol,9,178,234,329,6,1378,964,176
input/DB1/BrickblockAccount_1.sol,6,32,16,19,2,287,222,27
input/DB1/BridgeValidators_1.sol,5,28,6,63,2,205,125,46
input/DB1/Brokerage_1.sol,7,55,29,58,7,662,431,129
input/DB1/BurnableToken_1.sol,6,48,33,8,2,282,132,104
input/DB1/bVault_1.sol,11,118,95,88,4,457,381,13
input/DB1/CapperRole_1.sol,2,9,5,9,1,86,54,15
input/DB1/CGUToken_1.sol,8,107,49,79,2,663,267,308
input/DB1/ChainlinkAdapter_1.sol,4,37,19,39,7,336,213,62
input/DB1/ChainlinkAdapter_2.sol,4,37,19,39,7,336,213,62
input/DB1/ChainlinkAdapter_3.sol,4,37,19,39,7,336,213,62
input/DB1/ChainlinkAdapter_4.sol,4,37,19,39,7,336,213,62
input/DB1/ChainlinkAdapter_5.sol,4,37,19,39,7,336,213,62
input/DB1/ChainlinkAdapter_6.sol,4,37,19,39,7,336,213,62
input/DB1/ChainlinkAdapter_7.sol,4,37,19,39,7,336,213,62
input/DB1/ChainlinkAdapter_8.sol,4,37,19,39,7,336,213,62
input/DB1/claimToken_1.sol,2,25,19,8,2,236,134,79
input/DB1/claimToken_2.sol,2,25,19,8,2,236,134,79
input/DB1/Collaterals_t_1.sol,2,16,11,13,1,182,88,70
input/DB1/CollateralsWallet_1.sol,2,4,5,3,2,36,25,4
input/DB1/CommunityVault_1.sol,4,22,14,9,2,187,56,101
input/DB1/CommunityVault_2.sol,4,22,14,9,2,187,56,101
input/DB1/CompHelper_1.sol,9,93,17,37,4,487,335,30
input/DB1/CompHelper_2.sol,9,93,17,37,4,487,335,30
input/DB1/CompHelper_3.sol,9,93,17,37,4,487,335,30
input/DB1/CompHelper_4.sol,9,93,17,37,4,487,335,30
input/DB1/CompHelper_5.sol,9,93,17,37,4,487,335,30
input/DB1/Controller_1.sol,15,143,78,127,13,1891,963,628
input/DB1/Controller_2.sol,15,143,78,127,13,1891,963,628
input/DB1/Controller_3.sol,15,143,78,127,13,1891,963,628
input/DB1/controller-v3_1.sol,13,116,78,70,3,1118,482,487
input/DB1/controller-v3_2.sol,13,116,78,70,3,1118,482,487
input/DB1/controller-v3_3.sol,13,116,78,70,3,1118,482,487
input/DB1/controller-v3_4.sol,13,116,78,70,3,1118,482,487
input/DB1/controller-v3_5.sol,13,116,78,70,3,1118,482,487
input/DB1/CurveAMO_1.sol,24,478,408,403,6,3869,1928,1306
input/DB1/DapiServer_1.sol,28,334,136,256,9,2755,1815,704
input/DB1/Degens_1.sol,2,40,49,77,14,741,542,15
input/DB1/Degens_2.sol,2,40,49,77,14,741,542,15
input/DB1/DFCollateral_1.sol,7,41,26,29,2,243,135,74
input/DB1/DFEngineV2_1.sol,14,151,57,77,7,871,573,165
input/DB1/DFStore_1.sol,7,108,77,78,6,576,380,79
input/DB1/DharmaAccountRecoveryManager_1.sol,5,42,31,54,2,641,229,343
input/DB1/DharmaKeyRegistryV1_1.sol,3,18,15,21,2,297,109,149
input/DB1/DharmaSmartWalletFactoryV1_1.sol,4,15,2,19,3,281,127,115
input/DB1/DutchCrowdsaleIdx_1.sol,5,106,17,194,4,1344,723,437
input/DB1/DynamicLiquidTokenConverterFactory_1.sol,26,493,327,469,5,1986,942,825
input/DB1/EMAOracle_1.sol,5,33,15,8,2,333,138,152
input/DB1/ERC20Permit_1.sol,3,36,14,9,3,324,150,146
input/DB1/ERC20Permit_2.sol,3,36,14,9,3,324,150,146
input/DB1/ERC20Permit_3.sol,3,36,14,9,3,324,150,146
input/DB1/ERC20Proxy_1.sol,7,57,24,36,3,944,519,325
input/DB1/ERC721Enumerable_1.sol,12,175,49,152,5,1272,515,616
input/DB1/ERC721Enumerable_2.sol,12,175,49,152,5,1272,515,616
input/DB1/ERC721Enumerable_3.sol,12,175,49,152,5,1272,515,616
input/DB1/ERC721Enumerable_4.sol,12,175,49,152,5,1272,515,616
input/DB1/ERC721Enumerable_5.sol,12,175,49,152,5,1272,515,616
input/DB1/ERC721Enumerable_6.sol,12,175,49,152,5,1272,515,616
input/DB1/ERC721Enumerable_7.sol,12,175,49,152,5,1272,515,616
input/DB1/Escrow_v1_0_1.sol,3,22,27,38,5,712,497,127
input/DB1/Escrow_v1_0_2.sol,3,22,27,38,5,712,497,127
input/DB1/Exchange_1.sol,10,142,32,73,7,1024,678,123
input/DB1/ExchangeExecution_1.sol,14,97,7,37,8,2303,1028,1041
input/DB1/ExchangeExecution_2.sol,14,97,7,37,8,2303,1028,1041
input/DB1/ExchangeRateProvider_1.sol,7,212,86,298,8,1254,1022,103
input/DB1/Faucet_1.sol,4,16,49,10,6,235,131,59
input/DB1/FinToken_1.sol,6,57,40,16,2,297,151,100
input/DB1/FinToken_2.sol,6,57,40,16,2,297,151,100
input/DB1/FinToken_3.sol,6,57,40,16,2,297,151,100
input/DB1/FinToken_4.sol,6,57,40,16,2,297,151,100
input/DB1/FixedFeeSwap_1.sol,8,117,66,111,4,971,399,454
input/DB1/FixedPointInt256_1.sol,4,30,7,13,5,491,174,264
input/DB1/FixedPointInt256_2.sol,4,30,7,13,5,491,174,264
input/DB1/FixedPointInt256_3.sol,4,30,7,13,5,491,174,264
input/DB1/FixedPointInt256_4.sol,4,30,7,13,5,491,174,264
input/DB1/FixedRateSwap_1.sol,9,134,75,129,9,1655,774,715
input/DB1/FixedRateSwap_2.sol,9,134,75,129,9,1655,774,715
input/DB1/FixedRateSwap_3.sol,9,134,75,129,9,1655,774,715
input/DB1/FLAaveV2_1.sol,21,185,154,131,4,1930,1170,403
input/DB1/FlashLoanLogic_1.sol,30,243,132,63,16,5041,2728,1751
input/DB1/FlashLoanLogic_2.sol,30,243,132,63,16,5041,2728,1751
input/DB1/FlashLoanLogic_3.sol,30,243,132,63,16,5041,2728,1751
input/DB1/FraxPool_100.sol,21,356,315,348,6,3176,1505,1156
input/DB1/FraxPool_101.sol,21,356,315,348,6,3176,1505,1156
input/DB1/FraxPool_102.sol,21,356,315,348,6,3176,1505,1156
input/DB1/FraxPool_103.sol,21,356,315,348,6,3176,1505,1156
input/DB1/FraxPool_104.sol,21,356,315,348,6,3176,1505,1156
input/DB1/FraxPool_105.sol,21,356,315,348,6,3176,1505,1156
input/DB1/FraxPool_106.sol,21,356,315,348,6,3176,1505,1156
input/DB1/FraxPool_107.sol,21,356,315,348,6,3176,1505,1156
input/DB1/FraxPool_108.sol,21,356,315,348,6,3176,1505,1156
input/DB1/FraxPool_109.sol,21,356,315,348,6,3176,1505,1156
input/DB1/FraxPool_10.sol,21,356,315,348,6,3176,1505,1156
input/DB1/FraxPool_110.sol,21,356,315,348,6,3176,1505,1156
input/DB1/FraxPool_111.sol,21,356,315,348,6,3176,1505,1156
input/DB1/FraxPool_112.sol,21,356,315,348,6,3176,1505,1156
input/DB1/FraxPool_113.sol,21,356,315,348,6,3176,1505,1156
input/DB1/FraxPool_114.sol,21,356,315,348,6,3176,1505,1156
input/DB1/FraxPool_115.sol,21,356,315,348,6,3176,1505,1156
input/DB1/FraxPool_116.sol,21,356,315,348,6,3176,1505,1156
input/DB1/FraxPool_117.sol,21,356,315,348,6,3176,1505,1156
input/DB1/FraxPool_118.sol,21,356,315,348,6,3176,1505,1156
input/DB1/FraxPool_119.sol,21,356,315,348,6,3176,1505,1156
input/DB1/FraxPool_11.sol,21,356,315,348,6,3176,1505,1156
input/DB1/FraxPool_120.sol,21,356,315,348,6,3176,1505,1156
input/DB1/FraxPool_121.sol,21,356,315,348,6,3176,1505,1156
input/DB1/FraxPool_122.sol,21,356,315,348,6,3176,1505,1156
input/DB1/FraxPool_123.sol,21,356,315,348,6,3176,1505,1156
input/DB1/FraxPool_124.sol,21,356,315,348,6,3176,1505,1156
input/DB1/FraxPool_125.sol,21,356,315,348,6,3176,1505,1156
input/DB1/FraxPool_126.sol,21,356,315,348,6,3176,1505,1156
input/DB1/FraxPool_127.sol,21,356,315,348,6,3176,1505,1156
input/DB1/FraxPool_128.sol,21,356,315,348,6,3176,1505,1156
input/DB1/FraxPool_129.sol,21,356,315,348,6,3176,1505,1156
input/DB1/FraxPool_12.sol,21,356,315,348,6,3176,1505,1156
input/DB1/FraxPool_130.sol,21,356,315,348,6,3176,1505,1156
input/DB1/FraxPool_131.sol,21,356,315,348,6,3176,1505,1156
input/DB1/FraxPool_132.sol,21,356,315,348,6,3176,1505,1156
input/DB1/FraxPool_133.sol,21,356,315,348,6,3176,1505,1156
input/DB1/FraxPool_134.sol,21,356,315,348,6,3176,1505,1156
input/DB1/FraxPool_135.sol,21,356,315,348,6,3176,1505,1156
input/DB1/FraxPool_136.sol,21,356,315,348,6,3176,1505,1156
input/DB1/FraxPool_137.sol,21,356,315,348,6,3176,1505,1156
input/DB1/FraxPool_138.sol,21,356,315,348,6,3176,1505,1156
input/DB1/FraxPool_139.sol,21,356,315,348,6,3176,1505,1156
input/DB1/FraxPool_13.sol,21,356,315,348,6,3176,1505,1156
input/DB1/FraxPool_140.sol,21,356,315,348,6,3176,1505,1156
input/DB1/FraxPool_141.sol,21,356,315,348,6,3176,1505,1156
input/DB1/FraxPool_142.sol,21,356,315,348,6,3176,1505,1156
input/DB1/FraxPool_143.sol,21,356,315,348,6,3176,1505,1156
input/DB1/FraxPool_144.sol,21,356,315,348,6,3176,1505,1156
input/DB1/FraxPool_145.sol,21,356,315,348,6,3176,1505,1156
input/DB1/FraxPool_146.sol,21,356,315,348,6,3176,1505,1156
input/DB1/FraxPool_147.sol,21,356,315,348,6,3176,1505,1156
input/DB1/FraxPool_148.sol,21,356,315,348,6,3176,1505,1156
input/DB1/FraxPool_149.sol,21,356,315,348,6,3176,1505,1156
input/DB1/FraxPool_14.sol,21,356,315,348,6,3176,1505,1156
input/DB1/FraxPool_150.sol,21,356,315,348,6,3176,1505,1156
input/DB1/FraxPool_151.sol,21,356,315,348,6,3176,1505,1156
input/DB1/FraxPool_152.sol,21,356,315,348,6,3176,1505,1156
input/DB1/FraxPool_153.sol,21,356,315,348,6,3176,1505,1156
input/DB1/FraxPool_154.sol,21,356,315,348,6,3176,1505,1156
input/DB1/FraxPool_155.sol,21,356,315,348,6,3176,1505,1156
input/DB1/FraxPool_156.sol,21,356,315,348,6,3176,1505,1156
input/DB1/FraxPool_157.sol,21,356,315,348,6,3176,1505,1156
input/DB1/FraxPool_158.sol,21,356,315,348,6,3176,1505,1156
input/DB1/FraxPool_159.sol,21,356,315,348,6,3176,1505,1156
input/DB1/FraxPool_15.sol,21,356,315,348,6,3176,1505,1156
input/DB1/FraxPool_160.sol,21,356,315,348,6,3176,1505,1156
input/DB1/FraxPool_16.sol,21,356,315,348,6,3176,1505,1156
input/DB1/FraxPool_17.sol,21,356,315,348,6,3176,1505,1156
input/DB1/FraxPool_18.sol,21,356,315,348,6,3176,1505,1156
input/DB1/FraxPool_19.sol,21,356,315,348,6,3176,1505,1156
input/DB1/FraxPool_1.sol,21,356,315,348,6,3176,1505,1156
input/DB1/FraxPool_20.sol,21,356,315,348,6,3176,1505,1156
input/DB1/FraxPool_21.sol,21,356,315,348,6,3176,1505,1156
input/DB1/FraxPool_22.sol,21,356,315,348,6,3176,1505,1156
input/DB1/FraxPool_23.sol,21,356,315,348,6,3176,1505,1156
input/DB1/FraxPool_24.sol,21,356,315,348,6,3176,1505,1156
input/DB1/FraxPool_25.sol,21,356,315,348,6,3176,1505,1156
input/DB1/FraxPool_26.sol,21,356,315,348,6,3176,1505,1156
input/DB1/FraxPool_27.sol,21,356,315,348,6,3176,1505,1156
input/DB1/FraxPool_28.sol,21,356,315,348,6,3176,1505,1156
input/DB1/FraxPool_29.sol,21,356,315,348,6,3176,1505,1156
input/DB1/FraxPool_2.sol,21,356,315,348,6,3176,1505,1156
input/DB1/FraxPool_30.sol,21,356,315,348,6,3176,1505,1156
input/DB1/FraxPool_31.sol,21,356,315,348,6,3176,1505,1156
input/DB1/FraxPool_32.sol,21,356,315,348,6,3176,1505,1156
input/DB1/FraxPool_33.sol,21,356,315,348,6,3176,1505,1156
input/DB1/FraxPool_34.sol,21,356,315,348,6,3176,1505,1156
input/DB1/FraxPool_35.sol,21,356,315,348,6,3176,1505,1156
input/DB1/FraxPool_36.sol,21,356,315,348,6,3176,1505,1156
input/DB1/FraxPool_37.sol,21,356,315,348,6,3176,1505,1156
input/DB1/FraxPool_38.sol,21,356,315,348,6,3176,1505,1156
input/DB1/FraxPool_39.sol,21,356,315,348,6,3176,1505,1156
input/DB1/FraxPool_3.sol,21,356,315,348,6,3176,1505,1156
input/DB1/FraxPool_40.sol,21,356,315,348,6,3176,1505,1156
input/DB1/FraxPool_41.sol,21,356,315,348,6,3176,1505,1156
input/DB1/FraxPool_42.sol,21,356,315,348,6,3176,1505,1156
input/DB1/FraxPool_43.sol,21,356,315,348,6,3176,1505,1156
input/DB1/FraxPool_44.sol,21,356,315,348,6,3176,1505,1156
input/DB1/FraxPool_45.sol,21,356,315,348,6,3176,1505,1156
input/DB1/FraxPool_46.sol,21,356,315,348,6,3176,1505,1156
input/DB1/FraxPool_47.sol,21,356,315,348,6,3176,1505,1156
input/DB1/FraxPool_48.sol,21,356,315,348,6,3176,1505,1156
input/DB1/FraxPool_49.sol,21,356,315,348,6,3176,1505,1156
input/DB1/FraxPool_4.sol,21,356,315,348,6,3176,1505,1156
input/DB1/FraxPool_50.sol,21,356,315,348,6,3176,1505,1156
input/DB1/FraxPool_51.sol,21,356,315,348,6,3176,1505,1156
input/DB1/FraxPool_52.sol,21,356,315,348,6,3176,1505,1156
input/DB1/FraxPool_53.sol,21,356,315,348,6,3176,1505,1156
input/DB1/FraxPool_54.sol,21,356,315,348,6,3176,1505,1156
input/DB1/FraxPool_55.sol,21,356,315,348,6,3176,1505,1156
input/DB1/FraxPool_56.sol,21,356,315,348,6,3176,1505,1156
input/DB1/FraxPool_57.sol,21,356,315,348,6,3176,1505,1156
input/DB1/FraxPool_58.sol,21,356,315,348,6,3176,1505,1156
input/DB1/FraxPool_59.sol,21,356,315,348,6,3176,1505,1156
input/DB1/FraxPool_5.sol,21,356,315,348,6,3176,1505,1156
input/DB1/FraxPool_60.sol,21,356,315,348,6,3176,1505,1156
input/DB1/FraxPool_61.sol,21,356,315,348,6,3176,1505,1156
input/DB1/FraxPool_62.sol,21,356,315,348,6,3176,1505,1156
input/DB1/FraxPool_63.sol,21,356,315,348,6,3176,1505,1156
input/DB1/FraxPool_64.sol,21,356,315,348,6,3176,1505,1156
input/DB1/FraxPool_65.sol,21,356,315,348,6,3176,1505,1156
input/DB1/FraxPool_66.sol,21,356,315,348,6,3176,1505,1156
input/DB1/FraxPool_67.sol,21,356,315,348,6,3176,1505,1156
input/DB1/FraxPool_68.sol,21,356,315,348,6,3176,1505,1156
input/DB1/FraxPool_69.sol,21,356,315,348,6,3176,1505,1156
input/DB1/FraxPool_6.sol,21,356,315,348,6,3176,1505,1156
input/DB1/FraxPool_70.sol,21,356,315,348,6,3176,1505,1156
input/DB1/FraxPool_71.sol,21,356,315,348,6,3176,1505,1156
input/DB1/FraxPool_72.sol,21,356,315,348,6,3176,1505,1156
input/DB1/FraxPool_73.sol,21,356,315,348,6,3176,1505,1156
input/DB1/FraxPool_74.sol,21,356,315,348,6,3176,1505,1156
input/DB1/FraxPool_75.sol,21,356,315,348,6,3176,1505,1156
input/DB1/FraxPool_76.sol,21,356,315,348,6,3176,1505,1156
input/DB1/FraxPool_77.sol,21,356,315,348,6,3176,1505,1156
input/DB1/FraxPool_78.sol,21,356,315,348,6,3176,1505,1156
input/DB1/FraxPool_79.sol,21,356,315,348,6,3176,1505,1156
input/DB1/FraxPool_7.sol,21,356,315,348,6,3176,1505,1156
input/DB1/FraxPool_80.sol,21,356,315,348,6,3176,1505,1156
input/DB1/FraxPool_81.sol,21,356,315,348,6,3176,1505,1156
input/DB1/FraxPool_82.sol,21,356,315,348,6,3176,1505,1156
input/DB1/FraxPool_83.sol,21,356,315,348,6,3176,1505,1156
input/DB1/FraxPool_84.sol,21,356,315,348,6,3176,1505,1156
input/DB1/FraxPool_85.sol,21,356,315,348,6,3176,1505,1156
input/DB1/FraxPool_86.sol,21,356,315,348,6,3176,1505,1156
input/DB1/FraxPool_87.sol,21,356,315,348,6,3176,1505,1156
input/DB1/FraxPool_88.sol,21,356,315,348,6,3176,1505,1156
input/DB1/FraxPool_89.sol,21,356,315,348,6,3176,1505,1156
input/DB1/FraxPool_8.sol,21,356,315,348,6,3176,1505,1156
input/DB1/FraxPool_90.sol,21,356,315,348,6,3176,1505,1156
input/DB1/FraxPool_91.sol,21,356,315,348,6,3176,1505,1156
input/DB1/FraxPool_92.sol,21,356,315,348,6,3176,1505,1156
input/DB1/FraxPool_93.sol,21,356,315,348,6,3176,1505,1156
input/DB1/FraxPool_94.sol,21,356,315,348,6,3176,1505,1156
input/DB1/FraxPool_95.sol,21,356,315,348,6,3176,1505,1156
input/DB1/FraxPool_96.sol,21,356,315,348,6,3176,1505,1156
input/DB1/FraxPool_97.sol,21,356,315,348,6,3176,1505,1156
input/DB1/FraxPool_98.sol,21,356,315,348,6,3176,1505,1156
input/DB1/FraxPool_99.sol,21,356,315,348,6,3176,1505,1156
input/DB1/FraxPool_9.sol,21,356,315,348,6,3176,1505,1156
input/DB1/GnosisSafe_1.sol,14,94,108,132,5,925,544,281
input/DB1/GnosisSafe_2.sol,14,94,108,132,5,925,544,281
input/DB1/GnosisSafe_3.sol,14,94,108,132,5,925,544,281
input/DB1/GolemNetworkToken_1.sol,3,14,47,9,6,214,120,54
input/DB1/GovernorAlpha_1.sol,3,29,29,38,2,314,206,43
input/DB1/History_1.sol,2,21,1,35,4,524,283,204
input/DB1/History_2.sol,2,21,1,35,4,524,283,204
input/DB1/History_3.sol,2,21,1,35,4,524,283,204
input/DB1/History_4.sol,2,21,1,35,4,524,283,204
input/DB1/HoldefiSettings_1.sol,5,56,62,64,5,885,433,315
input/DB1/HomeBridgeNativeToErc_1.sol,9,102,44,245,3,496,336,71
input/DB1/InteractiveCrowdsaleLib_1.sol,6,71,63,45,11,1591,852,500
input/DB1/InteractiveCrowdsaleLib_2.sol,6,71,63,45,11,1591,852,500
input/DB1/InteractiveCrowdsaleLib_3.sol,6,71,63,45,11,1591,852,500
input/DB1/InteractiveCrowdsaleTestContract_1.sol,7,99,91,45,11,1736,963,505
input/DB1/InvestorAMO_V2_1.sol,31,489,426,423,6,4096,1979,1427
input/DB1/IUniswapV2Router01_1.sol,1,19,0,0,2,96,92,1
input/DB1/JoinSplit_1.sol,3,3,0,0,2,667,299,301
input/DB1/kickico_token_v1_1.sol,4,84,80,130,2,351,252,3
input/DB1/kickico_token_v1_2.sol,4,84,80,130,2,351,252,3
input/DB1/KyberWrapperV3_1.sol,11,96,37,73,4,627,417,71
input/DB1/LendingPair_1.sol,13,113,180,109,6,806,567,122
input/DB1/LibMath_10.sol,2,32,17,39,7,307,197,59
input/DB1/LibMath_11.sol,2,32,17,39,7,307,197,59
input/DB1/LibMath_12.sol,2,32,17,39,7,307,197,59
input/DB1/LibMath_13.sol,2,32,17,39,7,307,197,59
input/DB1/LibMath_1.sol,2,32,17,39,7,307,197,59
input/DB1/LibMath_2.sol,2,32,17,39,7,307,197,59
input/DB1/LibMath_3.sol,2,32,17,39,7,307,197,59
input/DB1/LibMath_4.sol,2,32,17,39,7,307,197,59
input/DB1/LibMath_5.sol,2,32,17,39,7,307,197,59
input/DB1/LibMath_6.sol,2,32,17,39,7,307,197,59
input/DB1/LibMath_7.sol,2,32,17,39,7,307,197,59
input/DB1/LibMath_8.sol,2,32,17,39,7,307,197,59
input/DB1/LibMath_9.sol,2,32,17,39,7,307,197,59
input/DB1/licence_1.sol,6,49,36,38,3,480,217,189
input/DB1/LiFiDiamond_1.sol,3,18,5,37,5,304,224,47
input/DB1/Liquidator_1.sol,10,67,23,63,3,502,183,262
input/DB1/Lockup_1.sol,2,14,8,4,2,97,67,8
input/DB1/LootBox_1.sol,5,32,4,8,3,502,151,291
input/DB1/LuckyToken_10.sol,6,93,47,70,2,603,203,323
input/DB1/LuckyToken_1.sol,6,93,47,70,2,603,203,323
input/DB1/LuckyToken_2.sol,6,93,47,70,2,603,203,323
input/DB1/LuckyToken_3.sol,6,93,47,70,2,603,203,323
input/DB1/LuckyToken_4.sol,6,93,47,70,2,603,203,323
input/DB1/LuckyToken_5.sol,6,93,47,70,2,603,203,323
input/DB1/LuckyToken_6.sol,6,93,47,70,2,603,203,323
input/DB1/LuckyToken_7.sol,6,93,47,70,2,603,203,323
input/DB1/LuckyToken_8.sol,6,93,47,70,2,603,203,323
input/DB1/LuckyToken_9.sol,6,93,47,70,2,603,203,323
input/DB1/LUSDToken_1.sol,6,477,423,424,2,2497,1782,247
input/DB1/LUSDToken_2.sol,6,477,423,424,2,2497,1782,247
input/DB1/LUSDToken_3.sol,6,477,423,424,2,2497,1782,247
input/DB1/Market_1.sol,15,182,62,122,3,1689,740,711
input/DB1/MasterShiba_1.sol,11,129,107,114,7,1409,715,536
input/DB1/Migrations_1.sol,1,3,2,2,1,24,18,1
input/DB1/Migrations_2.sol,1,3,2,2,1,24,18,1
input/DB1/MixinAssetProxyDispatcher_1.sol,8,48,5,25,3,957,497,358
input/DB1/MixinAssetProxyDispatcher_2.sol,8,48,5,25,3,957,497,358
input/DB1/MixinSignatureValidator_1.sol,8,37,3,28,3,1048,554,395
input/DB1/MixinSignatureValidator_2.sol,8,37,3,28,3,1048,554,395
input/DB1/Moloch_1.sol,5,46,112,74,7,831,557,87
input/DB1/Moloch_2.sol,5,46,112,74,7,831,557,87
input/DB1/Moloch_3.sol,5,46,112,74,7,831,557,87
input/DB1/Moloch_4.sol,5,46,112,74,7,831,557,87
input/DB1/Moloch_5.sol,5,46,112,74,7,831,557,87
input/DB1/Moloch_6.sol,5,46,112,74,7,831,557,87
input/DB1/NodeRegistry_1.sol,2,24,53,50,6,772,404,235
input/DB1/NodeRegistry_2.sol,2,24,53,50,6,772,404,235
input/DB1/OLETokenLock_1.sol,3,19,5,12,2,283,111,142
input/DB1/OlympusERC20_1.sol,22,342,141,317,3,2736,1337,961
input/DB1/OneSwapBuyback_1.sol,7,88,30,9,4,319,253,23
input/DB1/OneSwapPair_1.sol,12,208,149,181,9,1471,1031,297
input/DB1/OneSwapPair_2.sol,12,208,149,181,9,1471,1031,297
input/DB1/OpenOracleData_1.sol,1,1,0,4,1,43,9,31
input/DB1/OracleRouter_1.sol,5,21,7,7,2,119,75,28
input/DB1/Oracula0x85f3ec4EC49aB6a5901278176235957ef521970d_1.sol,9,153,63,63,4,1356,494,133
input/DB1/Oracula0x85f3ec4EC49aB6a5901278176235957ef521970d_2.sol,9,153,63,63,4,1356,494,133
input/DB1/Oracula0x85f3ec4EC49aB6a5901278176235957ef521970d_3.sol,9,153,63,63,4,1356,494,133
input/DB1/Ownable_1.sol,1,6,7,4,1,77,31,38
input/DB1/OwnerManager_10.sol,2,9,20,11,2,180,113,51
input/DB1/OwnerManager_11.sol,2,9,20,11,2,180,113,51
input/DB1/OwnerManager_12.sol,2,9,20,11,2,180,113,51
input/DB1/OwnerManager_13.sol,2,9,20,11,2,180,113,51
input/DB1/OwnerManager_14.sol,2,9,20,11,2,180,113,51
input/DB1/OwnerManager_15.sol,2,9,20,11,2,180,113,51
input/DB1/OwnerManager_16.sol,2,9,20,11,2,180,113,51
input/DB1/OwnerManager_17.sol,2,9,20,11,2,180,113,51
input/DB1/OwnerManager_18.sol,2,9,20,11,2,180,113,51
input/DB1/OwnerManager_19.sol,2,9,20,11,2,180,113,51
input/DB1/OwnerManager_1.sol,2,9,20,11,2,180,113,51
input/DB1/OwnerManager_20.sol,2,9,20,11,2,180,113,51
input/DB1/OwnerManager_2.sol,2,9,20,11,2,180,113,51
input/DB1/OwnerManager_3.sol,2,9,20,11,2,180,113,51
input/DB1/OwnerManager_4.sol,2,9,20,11,2,180,113,51
input/DB1/OwnerManager_5.sol,2,9,20,11,2,180,113,51
input/DB1/OwnerManager_6.sol,2,9,20,11,2,180,113,51
input/DB1/OwnerManager_7.sol,2,9,20,11,2,180,113,51
input/DB1/OwnerManager_8.sol,2,9,20,11,2,180,113,51
input/DB1/OwnerManager_9.sol,2,9,20,11,2,180,113,51
input/DB1/PancakeFactory_1.sol,11,165,84,63,6,495,397,20
input/DB1/PikaStaking_1.sol,8,64,45,53,2,711,316,306
input/DB1/PlasmaFramework_10.sol,22,342,141,317,3,2736,1337,961
input/DB1/PlasmaFramework_11.sol,22,342,141,317,3,2736,1337,961
input/DB1/PlasmaFramework_12.sol,22,342,141,317,3,2736,1337,961
input/DB1/PlasmaFramework_13.sol,22,342,141,317,3,2736,1337,961
input/DB1/PlasmaFramework_14.sol,22,342,141,317,3,2736,1337,961
input/DB1/PlasmaFramework_15.sol,22,342,141,317,3,2736,1337,961
input/DB1/PlasmaFramework_16.sol,22,342,141,317,3,2736,1337,961
input/DB1/PlasmaFramework_17.sol,22,342,141,317,3,2736,1337,961
input/DB1/PlasmaFramework_18.sol,22,342,141,317,3,2736,1337,961
input/DB1/PlasmaFramework_1.sol,22,342,141,317,3,2736,1337,961
input/DB1/PlasmaFramework_2.sol,22,342,141,317,3,2736,1337,961
input/DB1/PlasmaFramework_3.sol,22,342,141,317,3,2736,1337,961
input/DB1/PlasmaFramework_4.sol,22,342,141,317,3,2736,1337,961
input/DB1/PlasmaFramework_5.sol,22,342,141,317,3,2736,1337,961
input/DB1/PlasmaFramework_6.sol,22,342,141,317,3,2736,1337,961
input/DB1/PlasmaFramework_7.sol,22,342,141,317,3,2736,1337,961
input/DB1/PlasmaFramework_8.sol,22,342,141,317,3,2736,1337,961
input/DB1/PlasmaFramework_9.sol,22,342,141,317,3,2736,1337,961
input/DB1/QANX_1.sol,4,69,45,52,2,558,191,282
input/DB1/RandomBase_1.sol,6,33,8,9,2,181,113,32
input/DB1/RandomBase_2.sol,6,33,8,9,2,181,113,32
input/DB1/RandomBase_3.sol,6,33,8,9,2,181,113,32
input/DB1/recoverable-wallet_1.sol,5,28,23,38,2,168,129,9
input/DB1/Registry_1.sol,3,33,3,21,2,425,151,212
input/DB1/RocketDAONodeTrusted_1.sol,9,212,85,152,2,712,344,247
input/DB1/RocketMinipoolDelegate_1.sol,14,199,81,62,4,837,417,323
input/DB1/Roles_10.sol,1,3,0,5,1,37,18,15
input/DB1/Roles_11.sol,1,3,0,5,1,37,18,15
input/DB1/Roles_12.sol,1,3,0,5,1,37,18,15
input/DB1/Roles_13.sol,1,3,0,5,1,37,18,15
input/DB1/Roles_14.sol,1,3,0,5,1,37,18,15
input/DB1/Roles_15.sol,1,3,0,5,1,37,18,15
input/DB1/Roles_16.sol,1,3,0,5,1,37,18,15
input/DB1/Roles_17.sol,1,3,0,5,1,37,18,15
input/DB1/Roles_1.sol,1,3,0,5,1,37,18,15
input/DB1/Roles_2.sol,1,3,0,5,1,37,18,15
input/DB1/Roles_3.sol,1,3,0,5,1,37,18,15
input/DB1/Roles_4.sol,1,3,0,5,1,37,18,15
input/DB1/Roles_5.sol,1,3,0,5,1,37,18,15
input/DB1/Roles_6.sol,1,3,0,5,1,37,18,15
input/DB1/Roles_7.sol,1,3,0,5,1,37,18,15
input/DB1/Roles_8.sol,1,3,0,5,1,37,18,15
input/DB1/Roles_9.sol,1,3,0,5,1,37,18,15
input/DB1/RToken_10.sol,18,437,266,549,3,2796,1309,1036
input/DB1/RToken_11.sol,18,437,266,549,3,2796,1309,1036
input/DB1/RToken_12.sol,18,437,266,549,3,2796,1309,1036
input/DB1/RToken_13.sol,18,437,266,549,3,2796,1309,1036
input/DB1/RToken_14.sol,18,437,266,549,3,2796,1309,1036
input/DB1/RToken_15.sol,18,437,266,549,3,2796,1309,1036
input/DB1/RToken_16.sol,18,437,266,549,3,2796,1309,1036
input/DB1/RToken_17.sol,18,437,266,549,3,2796,1309,1036
input/DB1/RToken_18.sol,18,437,266,549,3,2796,1309,1036
input/DB1/RToken_19.sol,18,437,266,549,3,2796,1309,1036
input/DB1/RToken_1.sol,18,437,266,549,3,2796,1309,1036
input/DB1/RToken_20.sol,18,437,266,549,3,2796,1309,1036
input/DB1/RToken_21.sol,18,437,266,549,3,2796,1309,1036
input/DB1/RToken_22.sol,18,437,266,549,3,2796,1309,1036
input/DB1/RToken_23.sol,18,437,266,549,3,2796,1309,1036
input/DB1/RToken_24.sol,18,437,266,549,3,2796,1309,1036
input/DB1/RToken_25.sol,18,437,266,549,3,2796,1309,1036
input/DB1/RToken_26.sol,18,437,266,549,3,2796,1309,1036
input/DB1/RToken_27.sol,18,437,266,549,3,2796,1309,1036
input/DB1/RToken_28.sol,18,437,266,549,3,2796,1309,1036
input/DB1/RToken_2.sol,18,437,266,549,3,2796,1309,1036
input/DB1/RToken_3.sol,18,437,266,549,3,2796,1309,1036
input/DB1/RToken_4.sol,18,437,266,549,3,2796,1309,1036
input/DB1/RToken_5.sol,18,437,266,549,3,2796,1309,1036
input/DB1/RToken_6.sol,18,437,266,549,3,2796,1309,1036
input/DB1/RToken_7.sol,18,437,266,549,3,2796,1309,1036
input/DB1/RToken_8.sol,18,437,266,549,3,2796,1309,1036
input/DB1/RToken_9.sol,18,437,266,549,3,2796,1309,1036
input/DB1/SafeMath_1.sol,1,4,0,4,1,34,24,2
input/DB1/ShibaLibrary_1.sol,3,45,0,23,4,323,169,118
input/DB1/SigmoidCuratorVault_1.sol,17,125,36,72,4,1391,684,527
input/DB1/SimpleMultiSig_1.sol,1,4,11,8,2,76,48,12
input/DB1/SpaceDogeCoin_1.sol,11,180,115,111,7,1210,719,320
input/DB1/SpaceDogeCoin_2.sol,11,180,115,111,7,1210,719,320
input/DB1/StabilityPool_1.sol,21,613,505,474,4,3823,2378,625
input/DB1/StabilityPool_2.sol,21,613,505,474,4,3823,2378,625
input/DB1/StabilityPool_3.sol,21,613,505,474,4,3823,2378,625
input/DB1/StakefishERC721Wrapper_1.sol,7,83,36,61,3,940,400,385
input/DB1/StakefishServicesContract_1.sol,6,99,75,63,3,1041,631,263
input/DB1/StakefishServicesContract_2.sol,6,99,75,63,3,1041,631,263
input/DB1/StakefishServicesContract_3.sol,6,99,75,63,3,1041,631,263
input/DB1/StakefishServicesContract_4.sol,6,99,75,63,3,1041,631,263
input/DB1/StakefishServicesContract_5.sol,6,99,75,63,3,1041,631,263
input/DB1/StakefishServicesContract_6.sol,6,99,75,63,3,1041,631,263
input/DB1/Staking_1.sol,11,128,65,91,2,1473,579,733
input/DB1/StakingModel_1.sol,2,12,9,14,2,100,65,16
input/DB1/StakingModel_2.sol,2,12,9,14,2,100,65,16
input/DB1/StakingProxyUniV3_1.sol,14,165,48,50,4,1256,553,550
input/DB1/StakingProxyUniV3_2.sol,14,165,48,50,4,1256,553,550
input/DB1/StandardBounties_1.sol,11,129,71,146,4,1412,812,447
input/DB1/StandardBounties_2.sol,11,129,71,146,4,1412,812,447
input/DB1/StandardBounties_3.sol,11,129,71,146,4,1412,812,447
input/DB1/StandardBounties_4.sol,11,129,71,146,4,1412,812,447
input/DB1/StandardBounties_5.sol,11,129,71,146,4,1412,812,447
input/DB1/StateUtils_1.sol,4,56,49,18,4,795,486,219
input/DB1/StorageUtils_1.sol,2,13,2,6,2,233,151,67
input/DB1/strategy-curve-scrv-v3_1_1.sol,26,310,240,165,6,2008,1106,542
input/DB1/ThorusDummy_1.sol,9,94,47,90,2,952,368,482
input/DB1/TimeHelpers_10.sol,2,6,4,3,1,60,24,24
input/DB1/TimeHelpers_11.sol,2,6,4,3,1,60,24,24
input/DB1/TimeHelpers_12.sol,2,6,4,3,1,60,24,24
input/DB1/TimeHelpers_13.sol,2,6,4,3,1,60,24,24
input/DB1/TimeHelpers_14.sol,2,6,4,3,1,60,24,24
input/DB1/TimeHelpers_15.sol,2,6,4,3,1,60,24,24
input/DB1/TimeHelpers_16.sol,2,6,4,3,1,60,24,24
input/DB1/TimeHelpers_17.sol,2,6,4,3,1,60,24,24
input/DB1/TimeHelpers_18.sol,2,6,4,3,1,60,24,24
input/DB1/TimeHelpers_1.sol,2,6,4,3,1,60,24,24
input/DB1/TimeHelpers_2.sol,2,6,4,3,1,60,24,24
input/DB1/TimeHelpers_3.sol,2,6,4,3,1,60,24,24
input/DB1/TimeHelpers_4.sol,2,6,4,3,1,60,24,24
input/DB1/TimeHelpers_5.sol,2,6,4,3,1,60,24,24
input/DB1/TimeHelpers_6.sol,2,6,4,3,1,60,24,24
input/DB1/TimeHelpers_7.sol,2,6,4,3,1,60,24,24
input/DB1/TimeHelpers_8.sol,2,6,4,3,1,60,24,24
input/DB1/TimeHelpers_9.sol,2,6,4,3,1,60,24,24
input/DB1/TokenDistributor_1.sol,5,24,18,30,3,470,198,206
input/DB1/TokenDistributor_2.sol,5,24,18,30,3,470,198,206
input/DB1/TokenMintERC20Token0x887168120cb89Fb06F3E74Dc4AF20D67dF0977f6_1.sol,4,54,41,31,2,982,129,555
input/DB1/TradeCallee_1.sol,8,41,13,36,5,1388,286,1024
input/DB1/Transfers_1.sol,2,8,0,3,2,47,28,7
input/DB1/Transfers_2.sol,2,8,0,3,2,47,28,7
input/DB1/Transfers_3.sol,2,8,0,3,2,47,28,7
input/DB1/Treasury_1.sol,2,13,1,3,2,110,62,29
input/DB1/Treasury_2.sol,2,13,1,3,2,110,62,29
input/DB1/Units_100.sol,2,36,24,31,65,829,510,242
input/DB1/Units_101.sol,2,36,24,31,65,829,510,242
input/DB1/Units_102.sol,2,36,24,31,65,829,510,242
input/DB1/Units_103.sol,2,36,24,31,65,829,510,242
input/DB1/Units_104.sol,2,36,24,31,65,829,510,242
input/DB1/Units_105.sol,2,36,24,31,65,829,510,242
input/DB1/Units_106.sol,2,36,24,31,65,829,510,242
input/DB1/Units_107.sol,2,36,24,31,65,829,510,242
input/DB1/Units_10.sol,2,36,24,31,65,829,510,242
input/DB1/Units_11.sol,2,36,24,31,65,829,510,242
input/DB1/Units_12.sol,2,36,24,31,65,829,510,242
input/DB1/Units_13.sol,2,36,24,31,65,829,510,242
input/DB1/Units_14.sol,2,36,24,31,65,829,510,242
input/DB1/Units_15.sol,2,36,24,31,65,829,510,242
input/DB1/Units_16.sol,2,36,24,31,65,829,510,242
input/DB1/Units_17.sol,2,36,24,31,65,829,510,242
input/DB1/Units_18.sol,2,36,24,31,65,829,510,242
input/DB1/Units_19.sol,2,36,24,31,65,829,510,242
input/DB1/Units_1.sol,2,36,24,31,65,829,510,242
input/DB1/Units_20.sol,2,36,24,31,65,829,510,242
input/DB1/Units_21.sol,2,36,24,31,65,829,510,242
input/DB1/Units_22.sol,2,36,24,31,65,829,510,242
input/DB1/Units_23.sol,2,36,24,31,65,829,510,242
input/DB1/Units_24.sol,2,36,24,31,65,829,510,242
input/DB1/Units_25.sol,2,36,24,31,65,829,510,242
input/DB1/Units_26.sol,2,36,24,31,65,829,510,242
input/DB1/Units_27.sol,2,36,24,31,65,829,510,242
input/DB1/Units_28.sol,2,36,24,31,65,829,510,242
input/DB1/Units_29.sol,2,36,24,31,65,829,510,242
input/DB1/Units_2.sol,2,36,24,31,65,829,510,242
input/DB1/Units_30.sol,2,36,24,31,65,829,510,242
input/DB1/Units_31.sol,2,36,24,31,65,829,510,242
input/DB1/Units_32.sol,2,36,24,31,65,829,510,242
input/DB1/Units_33.sol,2,36,24,31,65,829,510,242
input/DB1/Units_34.sol,2,36,24,31,65,829,510,242
input/DB1/Units_35.sol,2,36,24,31,65,829,510,242
input/DB1/Units_36.sol,2,36,24,31,65,829,510,242
input/DB1/Units_37.sol,2,36,24,31,65,829,510,242
input/DB1/Units_38.sol,2,36,24,31,65,829,510,242
input/DB1/Units_39.sol,2,36,24,31,65,829,510,242
input/DB1/Units_3.sol,2,36,24,31,65,829,510,242
input/DB1/Units_40.sol,2,36,24,31,65,829,510,242
input/DB1/Units_41.sol,2,36,24,31,65,829,510,242
input/DB1/Units_42.sol,2,36,24,31,65,829,510,242
input/DB1/Units_43.sol,2,36,24,31,65,829,510,242
input/DB1/Units_44.sol,2,36,24,31,65,829,510,242
input/DB1/Units_45.sol,2,36,24,31,65,829,510,242
input/DB1/Units_46.sol,2,36,24,31,65,829,510,242
input/DB1/Units_47.sol,2,36,24,31,65,829,510,242
input/DB1/Units_48.sol,2,36,24,31,65,829,510,242
input/DB1/Units_49.sol,2,36,24,31,65,829,510,242
input/DB1/Units_4.sol,2,36,24,31,65,829,510,242
input/DB1/Units_50.sol,2,36,24,31,65,829,510,242
input/DB1/Units_51.sol,2,36,24,31,65,829,510,242
input/DB1/Units_52.sol,2,36,24,31,65,829,510,242
input/DB1/Units_53.sol,2,36,24,31,65,829,510,242
input/DB1/Units_54.sol,2,36,24,31,65,829,510,242
input/DB1/Units_55.sol,2,36,24,31,65,829,510,242
input/DB1/Units_56.sol,2,36,24,31,65,829,510,242
input/DB1/Units_57.sol,2,36,24,31,65,829,510,242
input/DB1/Units_58.sol,2,36,24,31,65,829,510,242
input/DB1/Units_59.sol,2,36,24,31,65,829,510,242
input/DB1/Units_5.sol,2,36,24,31,65,829,510,242
input/DB1/Units_60.sol,2,36,24,31,65,829,510,242
input/DB1/Units_61.sol,2,36,24,31,65,829,510,242
input/DB1/Units_62.sol,2,36,24,31,65,829,510,242
input/DB1/Units_63.sol,2,36,24,31,65,829,510,242
input/DB1/Units_64.sol,2,36,24,31,65,829,510,242
input/DB1/Units_65.sol,2,36,24,31,65,829,510,242
input/DB1/Units_66.sol,2,36,24,31,65,829,510,242
input/DB1/Units_67.sol,2,36,24,31,65,829,510,242
input/DB1/Units_68.sol,2,36,24,31,65,829,510,242
input/DB1/Units_69.sol,2,36,24,31,65,829,510,242
input/DB1/Units_6.sol,2,36,24,31,65,829,510,242
input/DB1/Units_70.sol,2,36,24,31,65,829,510,242
input/DB1/Units_71.sol,2,36,24,31,65,829,510,242
input/DB1/Units_72.sol,2,36,24,31,65,829,510,242
input/DB1/Units_73.sol,2,36,24,31,65,829,510,242
input/DB1/Units_74.sol,2,36,24,31,65,829,510,242
input/DB1/Units_75.sol,2,36,24,31,65,829,510,242
input/DB1/Units_76.sol,2,36,24,31,65,829,510,242
input/DB1/Units_77.sol,2,36,24,31,65,829,510,242
input/DB1/Units_78.sol,2,36,24,31,65,829,510,242
input/DB1/Units_79.sol,2,36,24,31,65,829,510,242
input/DB1/Units_7.sol,2,36,24,31,65,829,510,242
input/DB1/Units_80.sol,2,36,24,31,65,829,510,242
input/DB1/Units_81.sol,2,36,24,31,65,829,510,242
input/DB1/Units_82.sol,2,36,24,31,65,829,510,242
input/DB1/Units_83.sol,2,36,24,31,65,829,510,242
input/DB1/Units_84.sol,2,36,24,31,65,829,510,242
input/DB1/Units_85.sol,2,36,24,31,65,829,510,242
input/DB1/Units_86.sol,2,36,24,31,65,829,510,242
input/DB1/Units_87.sol,2,36,24,31,65,829,510,242
input/DB1/Units_88.sol,2,36,24,31,65,829,510,242
input/DB1/Units_89.sol,2,36,24,31,65,829,510,242
input/DB1/Units_8.sol,2,36,24,31,65,829,510,242
input/DB1/Units_90.sol,2,36,24,31,65,829,510,242
input/DB1/Units_91.sol,2,36,24,31,65,829,510,242
input/DB1/Units_92.sol,2,36,24,31,65,829,510,242
input/DB1/Units_93.sol,2,36,24,31,65,829,510,242
input/DB1/Units_94.sol,2,36,24,31,65,829,510,242
input/DB1/Units_95.sol,2,36,24,31,65,829,510,242
input/DB1/Units_96.sol,2,36,24,31,65,829,510,242
input/DB1/Units_97.sol,2,36,24,31,65,829,510,242
input/DB1/Units_98.sol,2,36,24,31,65,829,510,242
input/DB1/Units_99.sol,2,36,24,31,65,829,510,242
input/DB1/Units_9.sol,2,36,24,31,65,829,510,242
input/DB1/UserAccounting_1.sol,1,5,2,1,5,54,45,2
input/DB1/UserConfiguration_10.sol,4,49,92,19,2,1132,722,316
input/DB1/UserConfiguration_11.sol,4,49,92,19,2,1132,722,316
input/DB1/UserConfiguration_12.sol,4,49,92,19,2,1132,722,316
input/DB1/UserConfiguration_13.sol,4,49,92,19,2,1132,722,316
input/DB1/UserConfiguration_14.sol,4,49,92,19,2,1132,722,316
input/DB1/UserConfiguration_15.sol,4,49,92,19,2,1132,722,316
input/DB1/UserConfiguration_17.sol,4,49,92,19,2,1132,722,316
input/DB1/UserConfiguration_1.sol,4,49,92,19,2,1132,722,316
input/DB1/UserConfiguration_2.sol,4,49,92,19,2,1132,722,316
input/DB1/UserConfiguration_3.sol,4,49,92,19,2,1132,722,316
input/DB1/UserConfiguration_4.sol,4,49,92,19,2,1132,722,316
input/DB1/UserConfiguration_5.sol,4,49,92,19,2,1132,722,316
input/DB1/UserConfiguration_6.sol,4,49,92,19,2,1132,722,316
input/DB1/UserConfiguration_7.sol,4,49,92,19,2,1132,722,316
input/DB1/UserConfiguration_8.sol,4,49,92,19,2,1132,722,316
input/DB1/UserConfiguration_9.sol,4,49,92,19,2,1132,722,316
input/DB1/VaultFactory_1.sol,8,68,37,61,2,577,340,138
input/DB1/ve_1.sol,7,101,119,90,21,1343,725,455
input/DB1/ve_2.sol,7,101,119,90,21,1343,725,455
input/DB1/ve_3.sol,7,101,119,90,21,1343,725,455
input/DB1/VEReward_1.sol,5,38,56,43,9,481,366,58
input/DB1/VEReward_2.sol,5,38,56,43,9,481,366,58
input/DB1/Vesting_1.sol,4,31,21,33,2,391,180,167
input/DB1/VToken_10.sol,22,342,141,317,3,2736,1337,961
input/DB1/VToken_11.sol,22,342,141,317,3,2736,1337,961
input/DB1/VToken_12.sol,22,342,141,317,3,2736,1337,961
input/DB1/VToken_13.sol,22,342,141,317,3,2736,1337,961
input/DB1/VToken_14.sol,22,342,141,317,3,2736,1337,961
input/DB1/VToken_15.sol,22,342,141,317,3,2736,1337,961
input/DB1/VToken_16.sol,22,342,141,317,3,2736,1337,961
input/DB1/VToken_17.sol,22,342,141,317,3,2736,1337,961
input/DB1/VToken_18.sol,22,342,141,317,3,2736,1337,961
input/DB1/VToken_19.sol,22,342,141,317,3,2736,1337,961
input/DB1/VToken_1.sol,22,342,141,317,3,2736,1337,961
input/DB1/VToken_20.sol,22,342,141,317,3,2736,1337,961
input/DB1/VToken_21.sol,22,342,141,317,3,2736,1337,961
input/DB1/VToken_22.sol,22,342,141,317,3,2736,1337,961
input/DB1/VToken_23.sol,22,342,141,317,3,2736,1337,961
input/DB1/VToken_2.sol,22,342,141,317,3,2736,1337,961
input/DB1/VToken_3.sol,22,342,141,317,3,2736,1337,961
input/DB1/VToken_4.sol,22,342,141,317,3,2736,1337,961
input/DB1/VToken_5.sol,22,342,141,317,3,2736,1337,961
input/DB1/VToken_6.sol,22,342,141,317,3,2736,1337,961
input/DB1/VToken_7.sol,22,342,141,317,3,2736,1337,961
input/DB1/VToken_8.sol,22,342,141,317,3,2736,1337,961
input/DB1/VToken_9.sol,22,342,141,317,3,2736,1337,961
input/DB1/VVET9_1.sol,5,37,28,41,2,869,132,697
input/DB1/VVET9_2.sol,5,37,28,41,2,869,132,697
input/DB1/WusdAaveStrategy_1.sol,9,57,52,63,2,591,282,236
input/DB1/XSwap_1.sol,9,57,68,37,5,346,275,20
input/DB1/zAuctionAccountant_1.sol,2,21,11,8,1,284,122,136
input/DB1/ZeroxWrapper_1.sol,15,108,46,88,4,726,498,57
input/DB1/ZrxAllowlist_1.sol,8,49,13,45,2,379,268,36
input/DB1/Zunami_1.sol,10,133,87,132,8,1462,861,464
input/DB1/Zunami_2.sol,10,133,87,132,8,1462,861,464
